{"cameraMode":{"drawMode":0,"name":"Shaded","section":"Shading Mode"},"sceneLighting":true,"audioPlay":false,"sceneViewState":{"m_AlwaysRefresh":false,"showFog":true,"showSkybox":true,"showFlares":true,"showImageEffects":true,"showParticleSystems":true,"showVisualEffectGraphs":true,"m_FxEnabled":true},"in2DMode":false,"pivot":{"x":-1.4814695119857789,"y":-2.625091552734375,"z":33.86691665649414},"rotation":{"x":0.25949907302856448,"y":0.004348433576524258,"z":-0.0011590664507821203,"w":0.9657513499259949},"size":4.924229145050049,"orthographic":false}