{"cameraMode":{"drawMode":0,"name":"Shaded","section":"Shading Mode"},"sceneLighting":true,"audioPlay":false,"sceneViewState":{"m_AlwaysRefresh":false,"showFog":true,"showSkybox":true,"showFlares":true,"showImageEffects":true,"showParticleSystems":true,"showVisualEffectGraphs":true,"m_FxEnabled":true},"in2DMode":false,"pivot":{"x":1.031645655632019,"y":0.33512985706329348,"z":18.494552612304689},"rotation":{"x":0.27997374534606936,"y":-0.2469753921031952,"z":0.0748022198677063,"w":0.9247103929519653},"size":0.02950310707092285,"orthographic":false}