{"cameraMode":{"drawMode":0,"name":"Shaded","section":"Shading Mode"},"sceneLighting":false,"audioPlay":false,"sceneViewState":{"m_AlwaysRefresh":false,"showFog":true,"showSkybox":false,"showFlares":true,"showImageEffects":true,"showParticleSystems":true,"showVisualEffectGraphs":true,"m_FxEnabled":true},"in2DMode":false,"pivot":{"x":-1.3955023288726807,"y":2.2939870357513429,"z":3.3791608810424806},"rotation":{"x":0.3791041374206543,"y":0.2015489935874939,"z":-0.08496314287185669,"w":0.8991607427597046},"size":1.8259806632995606,"orthographic":false}