{"cameraMode":{"drawMode":0,"name":"Shaded","section":"Shading Mode"},"sceneLighting":false,"audioPlay":false,"sceneViewState":{"m_AlwaysRefresh":false,"showFog":true,"showSkybox":false,"showFlares":true,"showImageEffects":true,"showParticleSystems":true,"showVisualEffectGraphs":true,"m_FxEnabled":true},"in2DMode":false,"pivot":{"x":-0.41795146465301516,"y":-0.07217985391616821,"z":22.52988052368164},"rotation":{"x":0.09855558723211289,"y":-0.4536491334438324,"z":0.050580039620399478,"w":0.8843017816543579},"size":0.6287050247192383,"orthographic":false}