{"cameraMode":{"drawMode":0,"name":"Shaded","section":"Shading Mode"},"sceneLighting":false,"audioPlay":false,"sceneViewState":{"m_AlwaysRefresh":false,"showFog":true,"showSkybox":false,"showFlares":true,"showImageEffects":true,"showParticleSystems":true,"showVisualEffectGraphs":true,"m_FxEnabled":true},"in2DMode":false,"pivot":{"x":-1.012810468673706,"y":1.2122259140014649,"z":13.998238563537598},"rotation":{"x":0.41597822308540347,"y":0.42497825622558596,"z":-0.22941088676452638,"w":0.7705680131912231},"size":2.3898510932922365,"orthographic":false}