{"cameraMode":{"drawMode":0,"name":"Shaded","section":"Shading Mode"},"sceneLighting":false,"audioPlay":false,"sceneViewState":{"m_AlwaysRefresh":false,"showFog":true,"showSkybox":false,"showFlares":true,"showImageEffects":true,"showParticleSystems":true,"showVisualEffectGraphs":true,"m_FxEnabled":true},"in2DMode":false,"pivot":{"x":819.409912109375,"y":1854.4901123046875,"z":-10.72637939453125},"rotation":{"x":0.10630252212285996,"y":-0.004470766521990299,"z":0.0005018238443881273,"w":0.9943557977676392},"size":1081.9464111328125,"orthographic":false}