{"cameraMode":{"drawMode":0,"name":"Shaded","section":"Shading Mode"},"sceneLighting":false,"audioPlay":false,"sceneViewState":{"m_AlwaysRefresh":false,"showFog":true,"showSkybox":false,"showFlares":true,"showImageEffects":true,"showParticleSystems":true,"showVisualEffectGraphs":true,"m_FxEnabled":true},"in2DMode":false,"pivot":{"x":-4.842877388000488e-8,"y":0.11299996823072434,"z":0.024628687649965287},"rotation":{"x":0.19618543982505799,"y":-0.41930198669433596,"z":0.09334924072027207,"w":0.8815025091171265},"size":0.18850021064281465,"orthographic":false}